{
  "trained_at": "2026-03-26T23:09:06",
  "n_train": 80000,
  "n_test": 20000,
  "accuracy": 0.85665,
  "f1": 0.7697743515618727,
  "roc_auc": 0.9389201917926034,
  "cv_mean": 0.7697651809107279,
  "cv_std": 0.0019511889862376395,
  "overfit_gap": 0.00990000000000002,
  "train_time_s": 15.66
}